adresses;latitude;longitude
Sidi Maarouf, Casablanca;33.537776;-7.6469668
Maârif, Casablanca;33.5761303;-7.63666
Oasis, Casablanca;33.24446905;-8.490641823870783
Les Hôpitaux, Casablanca;33.5800205;-7.6248546
Californie, Casablanca;36.3214368;-119.2462335714034
Ain Diab, Casablanca;33.5778663;-7.6911722
Anfa Supérieur, Casablanca;;
Anfa, Casablanca;33.5945144;-7.6200284
